0,1,2,3,4,5,6,7,8,9
82859,16013,20591,8084,66001,49877,68458,94146,60542,7367
70145,52751,91560,86144,93222,47019,86965,31459,74365,82814
28624,93962,87099,14765,83185,31941,28866,53467,79422,99061
91459,10462,55458,57210,24890,90616,97133,8406,79336,61496
8702,27346,91158,29452,91162,96416,22520,53253,36649,29396
59376,99520,32224,51022,30922,10020,35790,67768,824,66561
71003,90414,93848,50132,85894,95546,39800,13533,52667,1249
46405,4438,21944,31769,25807,42153,58695,96669,39945,34477
13470,53989,54914,61272,14965,83646,83193,77043,20318,43807
16659,46406,57790,23099,87107,23549,9022,33007,35674,5666
74316,36728,17440,79557,6354,20542,12382,78201,72963,17238
19420,73271,13102,65962,25071,39442,11930,96933,38899,45752
1552,37545,65380,88945,92334,37981,47828,83820,97499,12913
19330,15899,81937,45663,52491,38115,63374,48259,10738,98855
39960,22168,6021,87713,1928,52874,53007,2937,86699,68319
50201,48177,17338,17816,71297,83852,15612,9126,88344,67712
59735,92423,10177,81272,34901,60082,35639,19881,79089,69279
82898,86262,92718,55307,52137,23629,8928,60316,91968,14977
18112,41923,90269,71639,35251,56382,95655,88904,13657,20418
75831,16396,31586,98534,16461,25078,85578,17259,12635,22069
52050,63699,16523,98611,87742,36755,9504,95038,12688,88768
68694,15591,25647,88309,38928,16467,71086,63006,47853,35359
24785,7850,16586,55605,16701,1443,9719,61166,79452,74570
35334,59017,57963,76834,89001,63234,92352,46380,62107,38689
25158,18231,63736,592,31723,88176,65588,68247,37989,87424
55590,59291,59258,42736,99193,15669,7769,78630,92930,34166
90905,9285,37689,10497,58235,42613,52139,86491,6962,67254
70609,35713,5559,14401,34165,95379,45445,77568,43457,1017
38059,53688,98950,27184,87521,94485,44209,41834,2157,78247
81838,56062,49248,82387,2601,91309,31258,77276,37476,75313
47246,48373,23430,37158,90959,50729,91036,41811,59086,58508
6876,65330,6864,94725,56975,56664,77819,28379,93026,25381
18552,79710,53233,4239,86597,30116,6074,61604,40888,68244
39891,27645,66000,20643,29621,19467,54105,55120,55801,88803
86597,43360,53356,76195,18131,62470,19624,37619,7533,28259
34800,73311,70411,6447,60091,2219,22037,16192,42464,34383
32521,30067,95803,30056,14513,3474,1441,84794,77084,67736
33809,92344,77339,80034,28580,92358,56399,50085,33999,33724
4002,35842,23814,41396,89650,96988,28423,24725,72034,95193
74558,82146,21999,89839,80152,16282,95919,15235,48882,60007
85875,8264,40657,54797,28817,37524,44505,58429,56411,90071
88570,80776,33172,91957,41797,5821,86729,76508,17887,91373
61073,57079,45678,95356,13600,88686,12888,36434,16699,94707
87298,85308,79958,97876,61248,26776,19310,78316,63481,40878
65292,79498,43781,24812,41963,24238,37273,88007,31343,76362
34301,85538,14307,97175,38514,55919,42775,68778,2436,51441
55077,21284,94475,6500,73071,62093,89809,22128,56926,98352
7743,78829,95964,6428,52208,20317,84623,67570,17326,25323
24893,62172,90986,62511,47184,28204,23852,43585,90063,74530
48768,91446,4748,31262,33348,92579,37225,99868,63088,4890
68511,38937,5901,41500,80856,61181,27340,90554,42957,29011
96027,63376,44566,98462,31050,44182,20703,98346,51356,17917
95327,95356,38366,90795,96727,5325,40579,41631,29424,61761
75062,7176,91545,68461,24340,27745,62699,41271,79628,94112
10088,3785,59900,86380,57552,24236,54112,38559,92846,91110
18125,89836,48610,57667,15283,34949,72028,17179,98545,39500
64707,93425,12835,76928,15623,93073,51264,42693,38607,72345
92143,88755,9556,13240,98940,40899,7723,38013,37760,94599
99942,87237,48728,90413,31303,94610,29097,3063,19426,41206
45793,2454,7742,59236,7779,16976,8344,16564,96363,95912
1107,53528,63876,94020,15630,3947,53791,95507,89552,14093
3710,21968,21416,78409,98456,23136,85789,89093,24962,56031
81093,43475,64375,1825,17013,48440,92168,31250,5348,40310
80130,59746,29820,51401,11278,74630,49793,67869,69214,60969
53143,56451,17996,93321,92214,16349,26487,6701,37723,50490
8641,30891,54422,54491,60044,7408,18931,55865,20562,2928
22094,22139,23690,66267,41251,26167,59333,71022,52569,27754
47497,21060,35243,87113,77061,8816,35780,87912,54077,58157
31140,45484,58653,23908,13499,52115,36835,32653,65325,44709
1406,77064,35543,64561,39538,54120,30977,79120,86116,56922
61829,32976,61271,55586,14750,86218,82565,34223,54504,35985
2316,14920,47558,21268,36835,4961,84794,72768,57925,89496
41294,94838,23385,47798,71235,2391,66960,88315,5282,17508
29501,18814,20571,49331,56479,53444,33247,66991,52516,25185
6953,53271,59191,57173,70240,37083,51070,98504,12782,75484
74627,8758,76542,77552,52367,40488,3076,8082,19683,98877
81019,54446,91710,38142,56768,85799,61996,23970,64094,19985
57639,27465,85321,15228,73462,86798,75465,53287,99568,62374
59174,8474,27213,30840,32879,24810,33009,94121,63067,71308
88136,7053,46271,71964,58726,76696,72155,38548,44310,51381
99630,67886,27116,36609,31777,36263,58744,50265,36501,51628
75996,52413,11759,71681,71611,32202,84874,5440,79916,45109
32419,68886,30930,46262,35233,17383,60260,16299,65150,11111
40414,31455,17332,47133,12722,11585,71526,63824,91191,64018
44724,50926,5008,93487,64549,42131,18966,47914,54006,21263
85294,22560,14395,60366,61599,66698,17263,53439,79319,22535
29825,34510,24976,38722,17881,52500,66176,95100,92343,95027
59056,14025,49030,50380,21666,92738,14959,4754,1742,26422
57501,83882,93659,47825,11782,68338,90020,81384,5651,97596
18521,33765,9615,51231,71265,48072,34923,99116,28218,20814
66941,50711,17496,15821,39165,21373,22084,97976,6061,61076
94264,75143,72397,29714,65038,70758,93347,45652,15848,73770
30675,78681,9800,35767,48553,36508,77255,53901,60084,78910
28143,88479,49222,41303,81125,97418,51651,69448,33847,64218
40418,9016,55112,97827,98848,31212,85894,82498,81889,8904
74810,93884,73082,69191,8651,50902,97146,53576,65014,89259
2451,40219,59427,8472,51458,20943,81119,80240,13668,37359
20397,38540,57677,63307,98098,6388,27792,57976,21695,22358
20960,33429,59567,14593,63107,9772,82676,13444,23017,13350
24222,33857,81318,52470,14640,98290,22008,10882,1165,54285
99647,15982,35468,47449,39484,34998,68187,59179,40494,87079
74304,9195,12511,67506,17806,11465,5875,31564,80756,96594
44894,59896,39231,99822,22977,20709,40840,22083,64085,22100
21703,30824,15741,61441,97084,79240,10911,43909,30655,73614
98150,80361,52305,5971,50868,53023,60005,5045,23995,80580
19513,99271,95542,85943,8044,59586,58323,25416,53553,88192
179,40472,63251,72176,13672,26697,68773,11675,9593,66474
95479,39533,95264,39691,53431,75975,61199,56965,38900,69260
5932,3468,75450,37242,1051,5247,19466,75827,17844,57134
52545,13064,88903,91572,70522,77517,72418,81308,55885,57232
45886,70570,32116,30374,63790,38451,98622,28814,95641,4929
44873,27801,61837,93706,63515,95144,986,68447,5736,58880
73602,26735,73482,74558,19644,93865,5382,26402,97011,59336
25783,68539,21151,41310,70338,92332,4899,92656,41558,1985
73419,74981,65375,53400,53065,59993,5078,27214,50098,30032
42245,50645,82353,73250,43904,5381,77526,26338,47872,45537
53204,48757,12136,79237,98843,72817,99958,50346,85779,40158
91596,83396,95960,65157,30750,94291,24240,31310,71432,56381
48150,8844,25368,84518,20112,74817,30972,49096,87548,95209
36825,12265,52189,37742,85485,57104,10540,6072,3493,34087
72962,37496,67231,43950,51363,39657,7587,67183,38283,23137
13991,64967,14401,97519,68502,99908,93139,73414,54306,54183
23327,65287,67259,92465,2923,32465,59886,64466,48372,14197
72583,76933,36430,93508,25669,26085,62122,85303,68650,2791
86600,46422,78472,8700,75168,86813,63000,26231,83251,31586
34938,90779,22318,31757,33,29562,41439,50917,32921,83677
7611,35538,35210,50119,59156,36230,59153,68078,53061,87987
70206,87192,65898,9519,45883,79424,3992,69730,41682,31440
4031,70096,7873,6452,6024,15514,47715,856,33124,53273
75333,11723,98821,71284,17788,75837,82980,64207,19764,88995
44836,13174,25312,67813,63646,87123,1078,13329,39639,26474
50649,90134,81078,45626,38798,56888,10891,93700,74194,96999
36289,86026,40573,48160,97096,10282,84035,73004,31262,2858
51462,15016,84467,55913,59171,46595,42551,64622,81047,9722
30905,96611,36284,65111,3809,83224,31692,13767,88225,55971
3161,4355,61700,28410,31385,10365,57676,32834,91349,94375
14127,78939,14143,37246,31384,69571,29628,19705,85739,13166
21917,85593,61448,94410,16131,24247,13559,59103,54889,14989
95523,22264,59383,67647,91581,48711,52923,15082,2213,21338
91943,3112,73321,45013,4350,10118,48523,24202,37375,32594
49811,84409,72045,92377,50714,55163,61502,30698,31321,88966
34365,56645,59017,53726,40491,37443,50610,4919,11448,74358
66135,49894,72690,24648,80353,88262,26477,91872,5619,15160
53979,76643,10765,66853,49207,18727,13203,7687,2009,64755
53417,73936,34249,16383,81899,13401,75628,60609,19983,66382
30900,65720,19990,50156,39605,96958,74438,82847,34487,40999
71734,4432,48341,69248,33239,12677,81098,55975,2283,16039
93436,16634,28527,11419,47530,51492,35137,51570,84053,36244
70389,82981,72362,93841,97223,61162,87789,24488,31621,581
92598,21399,35231,30656,34223,94886,39815,2673,81693,14936
88253,33944,54148,49474,78317,2152,57625,68324,83095,65355
56735,9747,83617,59006,83272,16460,59727,5210,89787,99204
27692,83699,20061,43085,63307,16765,64447,4478,86296,23771
6717,97849,42152,55078,26291,6661,46618,8117,4599,19960
62098,32250,31148,23042,24854,10174,41996,79863,3399,54646
9847,59795,61630,56185,5516,67057,96963,52938,26143,81096
32721,69747,16421,29821,27549,89988,15289,60339,10413,29927
72374,70870,99911,33145,35034,24059,21769,97627,6137,34650
46250,77864,56935,71371,25262,33774,95642,45882,58267,62693
45651,60323,92675,50607,35698,61458,87565,52166,71788,28057
78069,96022,23175,10884,9190,23291,3649,42184,91398,10687
91013,94480,30289,56038,17954,79658,76718,10447,65975,89456
24784,20857,27041,84421,70903,71121,99175,94910,85713,13202
40842,57379,2546,39784,27683,26367,40735,24908,53768,93851
74506,96109,28702,48454,83506,51380,2387,47190,44219,8574
93788,5563,50710,4546,66347,53590,63642,6770,17988,97117
16849,99078,53810,15323,35109,90518,72617,79117,72284,88747
70250,6878,73515,24744,79244,51354,85056,49509,60313,60002
18151,63223,93999,66347,89138,16251,52911,14961,25559,18327
52375,19046,13380,39119,98769,75889,40654,8427,48070,94785
60239,47776,58754,41038,76649,59641,69852,39806,59569,15584
30713,69185,66940,80797,54971,37387,12902,29447,1082,86843
51347,44373,26099,14345,87473,76970,32730,58730,72736,83026
45808,15825,19383,6773,30988,32369,95265,21629,94397,4409
70831,83151,95326,56125,85155,89979,21441,51209,54208,66044
6092,40890,58620,51502,52210,65206,42483,31713,84341,23890
52023,11618,99616,38679,89479,98103,97923,38798,83110,34301
42020,79169,19922,62862,63960,86556,50428,23577,57550,49108
38328,90285,312,63054,51836,51421,3407,2676,40898,41851
89704,21750,6454,72411,25356,86993,6218,12531,36704,57678
2741,6095,98532,91834,27742,90237,33632,92616,93815,38140
97219,54838,28520,51610,85871,83912,87559,87966,77955,10766
3115,66974,91736,27738,35084,20534,59035,25937,39929,42596
79363,19765,9780,83385,52109,6495,92386,29452,89011,80620
98632,86263,39512,65798,69355,41511,50865,64225,47339,37311
93232,14320,26394,69308,96009,67264,58956,39256,39183,23613
49262,3836,12397,42257,99694,46080,42512,94272,76496,17077
28777,96173,63330,93644,83661,2893,1268,29868,95071,41987
19750,74347,95714,61556,92457,81977,29611,62468,25826,14289
99919,74669,73381,92460,24286,79223,19490,60239,53803,78765
56857,75359,4118,73595,97192,72334,37565,19706,40127,456
19789,34117,74033,5391,16018,79995,76385,73511,41333,48560
67178,88019,35106,17384,40049,20899,42015,38435,40718,49306
73879,96276,65005,13018,5362,41272,28293,23725,10762,13484
29917,25560,40331,92567,57804,14686,46156,91316,293,82794
80943,17593,17786,57569,28000,79494,43875,97946,35625,30412
34265,4764,8184,67436,53058,58386,27630,99865,76707,41515
38282,23769,65755,39618,44471,9876,75894,17440,83280,29017
87054,65930,21737,45835,38436,20371,48855,81947,13241,52542
61990,18591,32371,15408,80354,5865,55848,89764,19045,33942
17967,30958,32033,64447,89721,28377,32899,35117,80334,59407
63640,41618,52784,74160,75445,27177,72142,80629,74385,55838
25394,58060,36693,78818,49622,39319,2264,89388,1395,54733
16509,61337,33043,22203,93525,46869,55479,42094,32278,25235
5443,71796,60687,85110,32792,51779,14157,76277,16713,48811
89531,37382,97612,64708,28689,56762,58360,79901,94867,25931
86719,2396,99714,45360,60615,29639,87147,71181,49497,96640
51886,75670,51224,64993,83943,82499,87566,54139,11126,39099
29308,62989,31434,99298,4510,12038,70100,20083,67709,31995
60803,89938,17053,51497,12509,67260,55704,44763,45,40703
37046,56200,40664,40769,8202,31480,56541,56668,19442,49833
54360,29972,4480,904,46726,32640,70516,14950,66329,29396
51875,95991,89880,60169,39797,8897,58251,57163,17177,73022
11800,42402,28751,51076,51944,25309,3073,83399,85455,52502
91416,22089,73190,60765,39718,32585,82790,81242,38932,62567
28690,79142,49755,51583,80676,69631,33877,66060,56505,84333
985,5146,38458,5740,53901,41916,11773,87879,41473,94349
1384,83230,86495,71692,63658,46816,58437,41666,51794,24825
42376,57840,91999,16473,2702,69829,66392,75588,13660,59507
68872,72216,36438,77877,34290,37165,40835,93058,76957,11938
74692,12294,71924,24069,24912,62315,47064,84326,25879,81259
47281,22326,15774,50755,80094,31385,10121,45688,75683,66886
66795,29058,91346,17207,44732,35005,20892,31421,34903,96531
60079,89645,23717,56608,32431,97234,71005,41127,3906,94877
74967,13421,28107,885,29063,51401,4001,49363,22101,18929
92743,40863,15862,16401,26066,20626,90783,93434,44320,90853
66480,95286,81675,99095,78683,80564,25450,52124,25038,64514
13278,6529,38520,32050,90023,35176,57052,90037,99770,70808
85854,32260,74856,13878,65718,84451,46128,95271,40120,60653
39434,22721,32575,42902,94500,7835,99340,68809,33786,85208
10027,9914,1331,59953,47948,8784,551,81332,42854,50853
24696,10337,46614,12970,29962,69920,76905,49976,10494,51714
89975,23552,85008,95488,62080,74661,82476,3400,79591,64829
38227,84460,75622,24544,99148,68046,91494,81087,59494,23668
91422,10579,69156,44304,90283,93029,29497,75360,20106,27613
23336,17015,95330,16282,94147,15253,74379,66361,83044,24170
75472,73449,62851,11610,41213,50238,17261,31797,23000,96176
37406,70021,38035,83483,5738,47724,7236,52535,60780,77482
70653,76256,32096,73021,24907,5292,1064,96303,29458,17848
58927,90345,59054,76976,2206,91773,81067,79561,48408,11585
69474,74698,13857,58370,51772,19232,58499,52902,40561,64537
54215,99087,63058,12362,75486,28245,46376,67537,1858,24413
34693,58150,1669,13246,82921,91573,84861,65309,74828,77788
99014,12444,91928,70637,24182,11600,76389,49816,30525,23263
58693,40168,64159,46836,45311,72462,67574,86985,67442,89230
4374,99643,54087,91320,75870,8215,586,92112,63420,11589
90616,55913,80356,43259,95455,33529,15029,14635,69568,49614
30565,99400,78062,68855,24607,96124,3279,51175,19883,88110
43797,42871,25731,96867,48962,59281,93419,66673,17013,3420
3113,31282,20207,18484,1596,50204,44785,46969,17263,28592
24228,97473,33380,32407,45653,28397,18649,32979,83706,39009
47178,62230,42351,34344,47128,18322,70325,88984,99712,18543
31383,80124,87709,81891,4203,62609,47102,22383,57994,78949
36571,48545,51385,84264,44395,2178,61881,9381,55730,56018
27183,90252,53059,67320,53842,52248,76198,5507,53819,24370
90302,16452,40772,92614,64335,38069,70716,45844,74934,63063
6646,92174,47897,64376,99018,47243,35804,50800,76768,89474
31759,25215,45720,25326,94843,71922,477,36044,30667,61057
32129,91969,43578,44013,42760,63735,56065,31665,20103,95422
6967,31330,65146,49615,12878,33891,93908,50801,60690,55988
64377,17028,60459,48486,11759,25321,15348,52181,94382,86791
18278,17938,70992,93609,69558,84164,13087,84598,400,67414
42489,13182,77581,54373,41599,93755,23610,68202,73842,55175
97096,50394,82242,61540,3181,30279,23258,67362,66171,79409
12878,6116,37558,26962,70913,52944,43271,84009,50107,64683
81008,4191,90755,42154,72994,70168,87257,53238,35019,57323
79042,45798,70890,1556,92953,55441,15165,3122,4103,19847
52044,98148,530,94868,79351,56636,17074,62908,19903,2239
64157,1413,49313,58824,19094,11319,73539,9636,63258,86572
92505,58953,16999,70755,65376,98431,17609,66543,33318,72810
17821,80588,57738,87372,99851,84686,97884,66200,95377,88754
56648,99508,556,36240,54533,14466,34197,73330,20020,22449
88283,51103,61054,14318,55114,14589,22771,54546,7300,77609
49518,49200,49030,25202,1659,59711,65290,79900,86644,79163
60594,3868,67354,34428,62568,83880,42388,50869,55302,37640
73652,12772,80804,57792,19681,71171,24315,56662,1539,13407
98442,14532,10729,55767,7212,36519,30220,71603,46184,17480
32984,72316,15904,30005,31333,32061,36369,11423,2368,4130
56960,42057,76121,91102,91229,71756,39709,47470,52402,68390
60084,41399,84047,36475,23313,21094,66507,75230,55446,43166
78684,81901,90629,5036,28074,95098,56975,88942,70809,41334
52581,1219,91748,5057,20794,64624,64635,14004,26491,78984
91354,70428,47178,90041,91872,46882,21453,35227,78279,78501
48425,5702,48098,79267,77483,14582,15329,60582,23858,55323
88779,51029,12245,31622,65373,10778,98935,45148,56433,9116
85394,16581,65871,69354,8335,95298,56980,54551,29067,37033
61412,33098,41660,48023,45904,25228,43136,2504,53279,93817
98092,5011,2186,54522,20274,1596,99405,20609,2819,1735
78656,11319,65060,90351,81590,80894,37471,95149,10930,23047
18444,22036,48477,3988,56969,21375,80759,60923,39120,92939
90364,58353,34312,54587,50080,61184,13827,65891,76461,18339
82253,81286,29073,73549,79063,62568,68583,97022,63560,84275
20147,55941,30390,5683,21883,29312,48886,43367,74341,52848
99984,27075,10005,3783,39811,83371,35237,54592,36218,97827
53465,31604,44851,48789,34964,49000,66905,98787,75711,26997
98077,23750,1664,39485,26208,7200,85098,38932,62533,36487
29694,33799,46311,95031,42311,38612,21178,19952,58094,991
64380,60740,77455,64417,47253,39047,45511,3945,74013,43990
2382,61340,30145,7591,12277,53061,55807,84931,92530,57573
50992,48593,25323,49068,57984,8438,67963,8861,48405,22463
81623,7438,62358,37031,72439,68120,20968,24962,93621,14347
41042,46703,58138,32120,78964,20262,24758,54736,57482,29882
68367,32762,66638,40270,47514,37514,33533,93384,7179,74300
56640,40400,5944,66964,44923,44557,36402,53975,66473,43170
23203,44246,87513,86315,7344,14206,821,84915,56980,94435
33007,68806,52077,63112,65646,74381,51918,3497,12591,79373
25664,168,87033,69877,67971,25049,50392,17563,19557,20056
46326,54431,13687,14708,91901,57312,30072,28601,98843,10811
29364,4334,10033,32454,50415,39808,42499,81171,17752,21042
40449,94607,43399,83756,77879,52938,27416,15017,46576,48582
42836,83992,36516,61035,61272,49141,57843,9095,10242,21560
12435,51820,68655,91884,19761,91249,75621,89014,67856,75788
57526,78094,61044,59584,93817,44463,55814,93911,7418,63626
32213,73311,45023,73884,25182,83681,78270,95344,70452,69705
56612,23878,67414,59600,63008,98873,15388,73571,29204,98427
73675,6173,55934,45518,84728,54042,32171,40708,31577,30416
8861,69698,91351,57923,57816,6313,64875,7240,68047,99234
41239,58264,60485,81569,80201,40587,89247,72315,42251,52269
7686,72602,21847,69264,28566,78887,15615,1251,77442,8311
24064,58805,52871,95661,73598,98642,85411,15916,4205,36807
77318,83242,54650,633,60880,23886,57894,92182,22027,84798
15783,18921,39165,50128,82944,42859,78704,66711,94395,13516
9176,37468,17307,4264,77048,13328,52993,94469,57190,33106
43571,51909,49713,90304,6944,6476,13127,85894,16422,27937
10757,37408,56457,68819,36538,61086,12413,57787,56353,51107
68555,69182,71767,29465,31612,47842,18507,23337,42164,55993
64472,39423,47346,56367,84499,19429,48860,43424,68928,30802
93457,29618,88934,73113,83906,89111,72589,1706,23121,8450
42521,43965,84863,81627,73848,46071,33906,2882,82544,24902
27730,43136,70011,48318,99310,66475,92555,27612,97495,53867
9406,59037,4770,30487,46978,18472,23097,63405,60564,7456
7323,34611,49363,23551,35054,47423,87298,12256,34319,36085
75165,24847,71183,45163,22669,77763,191,7585,89685,21731
7172,61682,98295,19649,34490,85634,34035,77926,2403,93759
19010,69434,30186,11972,351,77097,77338,69504,54868,83969
17296,35080,72570,49588,72549,13971,22156,97272,19030,34939
64742,46543,99175,49955,69249,95238,51939,43457,98010,30641
82464,12679,92833,11570,52070,38067,31237,55625,82018,53383
4859,65057,9697,46336,15994,93573,87089,73254,51464,70533
27645,70227,19292,30703,35829,21915,70728,81459,92438,21208
35554,39253,73652,6886,76929,86319,71232,58692,20455,95947
37592,70994,33463,12002,8644,77483,88833,80542,11334,5954
46470,40326,88083,57730,25220,18411,72983,99681,94161,66894
31417,86265,80931,54468,17607,26668,62438,83649,62575,32855
47478,30247,90004,26614,21998,76926,58886,31277,22658,61663
30883,88530,48604,4390,13040,43960,39867,51198,82895,7988
82747,89708,58731,80359,52691,60739,23211,32404,3714,33004
75771,476,16286,35033,61462,48863,60889,57941,44787,35342
14118,28762,32616,77684,83274,70981,62810,1256,23595,11910
77524,69235,8567,19193,71929,15958,40170,69188,31441,21353
27911,51006,43384,67406,53028,20043,25214,95682,68687,60785
7010,30433,99860,7436,68581,15765,21805,48574,53025,82199
56723,69814,16819,79733,17429,21222,23675,62965,65931,19689
50946,49789,72025,70479,75513,55848,28817,10226,95933,58608
92381,65308,12188,54149,36831,60998,7676,86204,98985,44576
63604,71735,72241,79373,36941,36728,87991,41777,7855,31527
12201,39586,75359,38602,9031,57168,69997,41029,75226,18833
42582,69875,22116,83156,59493,13604,13045,63217,10413,35684
84297,75414,66202,57535,58179,39129,18837,57858,30761,6937
45418,35248,41275,24854,33929,68681,39642,40714,24061,23372
17093,6342,84315,48762,95021,49634,91564,15366,34011,8522
81620,92432,96514,72611,99538,59951,61280,26683,61355,17152
24285,1829,23577,72790,39051,20036,8413,73784,11672,88177
45594,46233,24710,62122,56978,79814,45468,35959,45920,66065
70160,24381,60244,30317,55373,19452,65406,64324,67734,68595
12357,9836,8684,84952,6757,81163,68122,62972,4935,82452
67501,90488,27122,79067,55597,76257,55807,16609,77560,95363
43059,1146,34163,65772,30603,89110,43334,96573,43207,31345
83962,27692,85904,17796,21082,65627,54457,67692,62313,15864
85226,69379,41561,18990,75794,6300,10451,70424,3508,63528
27956,1727,55466,34110,88952,31283,76587,15867,81439,24559
4820,61709,80805,95284,58011,5573,17217,20517,96522,72195
8993,39953,42515,15348,67110,8336,49682,52852,17043,55992
64220,6942,57912,73470,77420,73927,9673,50820,47333,87312
17370,53090,70445,50120,92924,59875,25472,47474,69060,21923
58004,24834,90365,17752,29987,43698,69341,86921,24798,67287
74905,43076,29057,26930,36462,15860,52305,91931,97971,41932
15422,5145,21179,48872,85750,31683,7909,41834,27096,73914
75155,87032,29450,17193,31093,9029,22998,80585,82491,4711
76404,91863,63167,8571,4437,68038,97813,2925,75789,22274
71866,43078,98793,419,19998,54876,91271,79790,54081,63797
19484,51470,45412,73673,41656,10667,52158,86490,21518,87213
54252,50761,34475,63419,46393,17006,18225,88634,58105,1798
61905,65749,93624,89145,23403,19390,53292,157,84430,65376
10075,36017,76884,78451,50238,73013,12792,53272,10145,93547
34058,46606,67929,38978,17174,79731,33049,29789,65093,4083
12317,47819,53374,93446,44448,23381,69067,50763,92867,41050
1350,67373,58623,87924,57141,12158,95501,70984,38198,32853
82324,66022,17703,71504,73188,40142,36570,79912,84336,1853
23038,12715,93822,9379,75862,90894,98811,95802,38301,6158
59456,61351,85982,52498,12906,23827,48729,93470,5654,85585
1678,49780,90334,24619,51427,62723,96419,49563,73646,44124
84946,60677,22825,57521,83380,29365,49265,90555,96923,40767
42114,63922,83382,68562,24463,49292,11456,6380,11051,49702
63334,50880,72885,43134,81000,14468,25732,4502,80648,53993
67426,21679,67314,59468,3740,78720,37820,87228,78695,60096
52497,22597,53350,81947,17160,51932,37176,94117,15180,72767
50053,35475,87745,85989,21828,26170,40320,8322,18809,78378
25557,83610,70892,39202,89746,94678,49019,61089,97411,25267
10279,48267,52669,38393,29384,62740,30586,55536,98539,16809
63666,33513,3196,95984,3765,61766,34362,53282,95431,3528
55141,5068,86532,87267,76620,23786,85230,1519,60418,11514
35393,40562,38036,10525,90884,58661,85289,95353,51406,25256
10415,2754,69979,22928,26876,41518,74778,83445,71605,59001
71414,71884,35505,32071,97468,69336,30551,1731,89417,4422
63002,57422,18877,96835,84874,80229,92600,21063,6903,52902
62697,74658,96475,41955,15755,44177,80842,5065,75691,26383
24740,48164,58976,38998,7534,56639,33618,8445,16655,58787
45001,80970,23484,36994,88046,25898,59105,51442,82883,31778
62574,51359,79566,98101,54926,76759,42733,87468,85801,65098
82076,4011,97324,20923,25240,95073,22475,13337,56855,85135
73109,41733,32880,51186,74638,58820,15073,63375,33152,49982
86500,28783,53438,68904,47798,1071,74559,74702,58394,13608
76103,92117,74016,9039,70183,57433,40126,95837,14491,54656
9388,39079,70802,46579,11367,27464,38796,66531,70653,14906
39083,41621,18765,72060,47170,33193,84622,87185,68228,40945
72921,89769,59977,4442,95918,49621,3636,27733,64487,29316
60583,43640,87343,97523,78627,59701,59555,32117,93019,36984
49523,44232,86176,58167,45338,83534,20195,44185,90068,24861
80304,876,20763,81585,11973,93935,6588,13306,30931,74982
92854,2124,81609,17639,57943,64016,79810,41357,77492,5960
84711,27810,5646,23324,67492,863,98892,74420,36823,88954
39953,3175,58069,74573,48249,26572,81603,41136,74259,11985
21354,83935,59204,15307,71080,80182,53058,26835,16634,15890
89285,66156,18381,985,51163,89277,18127,11822,88630,50183
76252,43385,68738,63989,15186,80259,40865,88895,4901,1495
27296,43067,17723,75042,17267,62928,24154,29203,4867,57091
2577,51328,29348,13784,66071,35887,68081,7150,20260,76558
23571,44605,38970,51635,41987,95127,16901,59994,76668,82463
54903,37795,93452,50663,76169,10592,68548,21067,78845,69304
82786,38851,85314,48578,8623,44105,8518,77402,53926,25762
5739,71239,1043,463,57048,47329,73456,43803,84164,78147
23183,77608,5845,51327,69565,19279,36076,4887,64071,88221
65804,96115,50157,48456,1417,8757,35307,83161,58904,41857
32449,87036,48067,86543,22677,67966,87337,78645,6000,65066
59060,93697,13182,76160,24306,10513,25780,76575,18283,93585
57595,69097,20042,32861,23347,5788,93448,84365,45388,50650
20061,75717,65571,85046,14564,30120,87265,43779,93812,53390
5127,42002,98419,45786,5339,38037,31739,44065,7625,23429
10811,72428,45756,53933,70649,122,82581,66219,58570,85469
71967,19695,5030,18987,96557,72337,68920,36793,20393,51675
23688,82466,35583,47638,10823,69904,60198,28600,60507,95360
22728,74786,22204,42,3511,34840,92924,17848,52405,47065
5311,17043,77557,24239,74096,88192,54263,48856,48000,38818
91274,32285,9608,34521,85841,61268,17944,76519,69757,44204
66946,75195,36146,50420,38966,2892,66918,79825,70902,5613
81484,59697,90164,30821,5530,67432,63016,47711,64697,21315
60387,11137,85874,58413,78661,60839,76302,10076,65991,9142
36685,24346,5906,95036,79067,35959,42507,79328,34681,65134
49176,2948,98162,26878,97881,98312,50689,38777,51223,32516
7268,47775,95889,70836,69934,87031,4238,7652,66190,80035
96408,62294,74319,61741,37317,1823,37749,31624,8382,66483
99899,9532,75668,21871,96818,46363,74750,12967,95839,81262
29955,94558,9992,4065,3279,30280,61950,38251,37073,13848
89997,68237,67826,36741,12653,1040,12253,45735,82342,24444
84807,43493,63697,32883,17013,53553,6997,11194,15197,33490
90783,40222,36236,93265,39874,70375,70754,4579,85602,7377
60241,74289,39272,81581,15680,45507,99509,37262,55833,58008
31259,3478,35941,76922,10312,27127,14613,82544,52837,16124
41764,52696,52563,21031,46604,52839,95164,96627,11599,85821
18846,9423,25290,67326,99259,89087,2212,94369,14707,49362
38575,31405,46709,63518,59414,51743,11782,95480,91522,18716
9431,19535,86254,96482,73211,10522,62471,41549,51065,4910
75936,78050,22147,37278,13535,96836,93967,13527,14962,19298
81944,24107,72940,5976,95020,50458,77817,98974,77626,61818
73270,6202,64350,80410,85393,30657,68425,84225,83876,42935
47445,68296,2428,87356,48189,91931,97176,57002,67134,49079
93497,60983,91280,27162,58405,77201,785,5195,33379,24334
83223,31607,39538,22836,68427,1753,93552,29955,90808,13088
9082,67483,23019,22340,59810,74041,52312,36902,54342,71127
20135,89173,72435,9839,33335,15380,25706,2837,12502,1260
60817,24603,77938,31704,75311,21445,41180,91457,28568,32952
54060,19446,97735,26704,36441,5309,96405,59558,41242,4340
3485,84999,42579,32491,47514,15113,83302,90460,40862,77495
33347,23428,96427,13142,98832,64224,95471,13828,25153,56582
13824,87840,88332,70045,58559,21384,16869,69646,12578,37486
97709,9312,34280,62138,47895,54615,55607,61338,71811,13701
78478,66378,63878,55864,35563,89361,6717,14567,88498,87475
91458,95583,14745,15339,50092,35474,843,86363,96136,82548
95245,4524,93022,74602,27519,87829,8044,86157,7980,43425
34454,16291,34979,3300,81153,66996,48272,91655,99807,49042
47753,10213,30237,48954,26726,21335,5460,93961,6983,38892
20704,57506,31645,64386,35767,88197,56530,64695,20528,78400
32775,6787,7248,83598,66559,18176,33918,97506,80071,62966
42832,91137,35702,67068,88266,42391,98003,15359,30102,82135
14251,71320,43559,17669,43348,6086,44372,38304,30600,80265
26306,30682,41399,72327,26713,82389,31367,76633,41150,53334
38765,61545,3293,51880,3511,21822,51512,25534,88316,8029
92818,77102,58631,32222,88650,75694,97417,70454,82458,80512
11211,42654,24975,77039,55434,25269,85906,94067,69206,80183
22721,46760,96650,16382,4427,98944,52702,8923,3228,76463
74622,53665,21392,32174,20355,22766,67339,36020,29725,26711
89727,74986,36416,10917,78281,54504,42052,46352,87395,46090
82850,50159,16815,27768,10109,13319,67537,90988,33584,52997
37042,77375,19633,94155,69710,21198,81637,44445,96540,83863
80788,90078,27394,8133,58119,93390,37424,7300,84592,47522
42357,88503,28058,81117,71345,85266,63864,65137,88671,9526
96552,23098,48478,88341,62857,49016,83539,67562,47557,91154
88724,9634,88693,87244,56263,46966,24372,99962,51589,65778
23120,83744,28758,79579,20824,15931,66219,72348,42131,15710
98315,23007,88648,68355,55773,32597,91198,85004,5591,41995
54514,24108,74145,88002,12513,64985,72812,88186,20303,85063
80975,55061,12505,45175,46013,34918,46763,20278,24810,38742
46346,43347,42018,61108,99432,21785,93239,17503,31128,7804
16233,59599,89368,20375,53645,67337,63894,41938,12400,62872
84953,15475,78214,51311,14995,51331,95123,85911,48924,96600
41938,5106,73867,87937,33303,32167,32844,48498,83632,27769
18601,25296,21285,99205,96830,36410,3713,48961,56297,53119
86540,18076,10858,47314,20403,69192,19573,94106,83116,76419
66439,43658,27978,34392,70571,74764,90876,31905,74716,61941
13611,43003,17044,90981,53879,34802,53703,48821,67742,92124
77979,82908,1020,92485,53995,7089,27604,85895,24534,48601
63631,89957,91864,45271,88270,81266,64665,47928,60517,60269
53677,49304,85783,60268,46299,41100,97192,49550,83726,94956
84381,19718,99559,38313,51372,79930,32295,37427,7602,63782
18503,3707,30567,90394,39590,40812,42113,47503,15949,23140
34745,28752,70573,64345,82870,64800,5639,6504,39921,30743
88050,1191,83546,79943,61714,63228,36985,24396,38962,32544
5249,52493,43214,56693,36799,84581,53199,3984,2468,13874
20260,93311,32913,31758,63667,5673,80024,19332,49647,22892
93730,81474,64320,97970,1352,3489,57892,97777,51822,60971
19894,59169,33230,2659,22262,67439,24799,88323,90494,30436
65988,2692,1999,45122,35491,66862,14542,81472,78556,43863
3620,51174,65988,51942,24568,43744,95301,63711,7639,80404
14212,72416,28436,21479,62249,44720,5651,21396,97285,28856
78192,74846,55717,62769,27084,65711,93261,11821,69438,90014
50852,95196,61529,25576,91446,48797,71601,72723,80482,70276
3016,76315,23229,94758,75915,19360,25458,74052,12768,81136
15627,6660,68781,77739,60953,63644,92532,43725,56372,96896
81884,86935,32899,6346,19632,76772,78961,59766,86877,61567
94831,22965,70299,43684,8180,50252,72672,59044,91193,12543
74365,95305,12812,51430,46957,84073,31498,28238,63415,17315
75585,53383,39913,68984,43842,5210,9665,22381,91514,26367
43666,3669,40464,65550,98455,48027,72753,87423,1753,42585
44567,4714,28582,3697,56330,28524,87998,46588,58102,34348
65627,86675,41856,99817,42039,34829,45740,32317,68714,73536
79196,51917,37621,69022,8308,92598,7942,5589,72669,43628
29491,13421,43467,77430,54977,50535,37206,55697,83084,5662
50792,86295,64580,84289,50045,21021,23844,71125,24846,73269
51981,90940,89463,44039,42978,82067,66268,9269,19093,6846
18210,153,47018,72755,98402,68972,13169,17835,17284,51229
49905,26550,36905,12533,17710,11033,48354,2459,35097,13030
12692,94313,70469,72788,89998,28681,27276,64351,54804,16904
85745,50320,92641,22517,19270,9886,18308,93190,54595,94122
96441,85612,20839,87648,3172,72259,26619,97780,93308,47069
81271,71734,90696,81473,71371,55448,20002,41006,21278,72497
97089,49248,57398,33685,34084,98277,66772,85887,21886,37829
6133,34198,90606,63332,1870,49739,16523,61890,90163,70444
38833,63834,69519,46750,65966,21086,94453,97565,22405,49952
88888,74463,91728,72608,61702,86072,3133,46293,56106,66344
3214,21460,39320,88234,43890,1736,31576,75808,82101,6690
8452,10594,89978,38626,409,67678,27318,56302,31630,85889
85087,26619,73146,33433,66861,62452,30818,34990,93131,56992
14422,78506,8946,58867,2615,70148,24955,12791,9743,47864
13752,41411,46177,1672,75668,53064,80323,72273,96393,5346
64736,47746,47735,48015,23936,43239,15354,95869,96999,46300
86927,87571,47402,40686,31940,97704,6572,59780,23480,57446
51003,62440,83276,15046,68429,42705,70235,24266,39233,17193
54857,47780,99925,83149,23047,23874,75997,73871,78967,40878
53315,62972,12979,17577,76215,89650,90957,82467,46777,7349
14969,49076,93310,69233,53289,86623,19996,54413,99645,80622
8567,9993,745,43326,52816,6686,59311,5427,93728,9390
16812,85792,79154,84699,8456,62728,81168,2897,16874,5493
42869,43004,74852,94579,41949,60599,78666,46115,31923,99893
57726,33561,47644,94436,57854,79140,98004,27495,21258,42432
28414,59572,89762,18703,59318,9044,79927,32196,17947,42695
7521,19175,17438,91924,7133,10539,63969,93724,17260,47551
58802,69772,78647,94556,22454,3799,99956,63794,64092,39439
72513,71033,46642,46645,74187,18946,48987,2190,78802,83510
59219,4065,90337,98614,27713,28564,70114,22669,69973,74794
17223,33635,24990,4013,19320,88805,4470,15465,92215,56091
93517,85654,59591,61046,31043,42527,32605,73186,84446,51762
35457,58550,93241,20597,43127,8139,85871,95774,37353,43128
86497,84638,73481,38068,69624,27230,88542,31609,19236,56010
33415,71752,79084,96102,40161,5805,25363,17871,90839,66763
59080,24357,86876,81779,62866,39107,43979,52630,46098,39469
44617,54852,43198,4941,89847,98022,68698,20780,8643,8049
75617,52168,62790,65279,66951,92349,39056,57661,24704,29813
86357,25825,40221,93437,66782,59814,13368,45351,92763,75924
69631,27891,41199,29784,20247,27900,72454,73873,61350,77480
92972,91816,36887,71603,80887,4136,92456,90325,71595,94795
78439,83043,20808,69280,47058,33951,43618,69085,82798,77629
53882,51222,14310,15641,70498,9621,15880,94130,6972,93738
29576,67392,30293,23255,75373,98393,19735,96469,36786,6042
27438,46677,81770,53663,50364,32308,77021,68855,21772,95988
61328,49418,32947,76788,93976,84512,22812,82265,49491,47894
78717,83131,14947,32443,65798,16291,8727,3919,24841,65746
48742,84914,66102,67191,60613,65746,70064,40981,15603,14439
42732,13512,78963,66699,35737,8996,98016,95663,68372,71025
83666,27355,78073,91407,71602,34518,67752,94815,64901,1359
90919,49882,40213,84555,39152,8000,37945,16260,26781,22752
67504,6039,53247,49388,2144,6065,38719,91430,57499,70016
5002,15858,16609,16532,67618,879,8482,33599,5616,88696
55420,76070,77184,67663,25725,11099,28831,82296,91778,45501
22939,53410,21086,49926,6531,45282,29428,34076,21780,63450
98710,6416,26572,74213,59124,82197,44347,37272,38220,44353
91849,94882,55673,68768,92943,95256,2655,51335,56619,34349
17441,96777,41441,16222,73803,95879,7749,47470,38053,39144
37284,75155,3781,51255,12903,94881,316,48150,34535,1439
59629,40768,75519,36947,57553,25237,8772,85777,72555,92778
15648,87143,9380,4296,72619,31303,72682,31183,96464,47930
73606,17964,48671,4384,29172,99153,53559,47087,62168,48075
6964,19326,62008,33385,7135,57738,56466,19657,46183,57207
84637,38681,96658,57316,86612,61136,93070,35273,14394,59142
85610,32244,89860,48120,39902,47998,11361,33260,32141,27540
52195,60652,79580,19305,65512,16579,72300,38214,42270,13256
9194,89328,95281,93245,45751,65948,83694,5805,71039,26588
37067,93633,71118,64010,82762,53591,88953,91354,36435,14257
99669,86510,83715,41492,88987,60859,34208,34805,64634,26515
28517,86340,2617,27106,31323,3135,6346,91277,82244,91178
821,95533,40380,62835,96147,5255,95205,99831,62150,41779
14725,13155,23342,29057,99926,33315,5138,35524,29843,19147
72840,31714,92654,27414,66311,81858,53148,54984,38908,10633
47217,32087,61008,81226,58634,42538,21957,88272,36201,15581
56025,76906,59784,90482,25393,34832,32273,80545,74960,89919
83628,16703,9585,7668,11695,94046,33596,91961,5575,65677
57522,90945,43049,50954,69450,71548,4158,15658,65657,12232
10832,97313,72901,24069,57423,66966,52822,51553,58492,77860
77792,4602,62633,49398,67498,80164,43971,57610,69452,73241
75694,71514,51047,35443,68554,40434,57664,64941,66863,3630
23644,81104,65104,39429,83549,57177,56135,9874,65332,2554
32147,53408,39743,82681,45724,46501,83234,4205,39679,43909
79902,50133,90256,20221,73465,91759,54250,91723,75507,2470
95223,59974,46473,63081,1723,47634,27052,41761,8844,11957
53126,29082,12891,75915,1471,51612,8078,57819,31578,881
7065,18132,16442,32383,64092,74007,30100,55942,61949,18696
78365,45524,16352,88761,38450,30774,1953,6843,47298,69971
38173,75655,2516,93281,1294,77949,769,8929,66855,80019
27470,90491,96284,48778,45226,13316,37709,11988,8849,68667
63631,96136,27805,35458,92214,63636,53202,39581,73496,77737
99368,32231,87112,74102,1471,88183,78808,44935,49265,99628
41027,98525,80191,17735,68313,64636,72492,53465,27571,80393
65814,54388,1281,55530,85634,87461,30605,37811,35396,89282
83715,44142,41731,65303,60686,71085,6755,28733,80089,86466
71962,84884,39941,93451,74761,8596,1856,91712,63929,34850
52108,226,7425,81694,30348,69444,90462,67497,39827,8169
34696,55018,16875,35532,51484,41138,91689,49334,24185,66707
30772,535,54396,95347,36050,14426,415,73146,55438,24109
92624,94245,51629,64116,28266,88723,31535,71575,64846,88905
16220,39573,95545,98476,95740,74304,42633,12956,10419,95955
41345,98783,41085,95320,66575,3893,36287,94231,54616,73027
8260,46113,95630,50975,53853,17322,51092,82907,73760,99570
3929,60506,92752,31335,4767,35150,54994,55662,32633,27560
7742,84747,89497,90664,18278,97787,52071,90612,46378,48351
78941,44173,72671,37131,73135,92098,91393,39618,93036,98354
92313,73672,11280,77032,90845,90331,33116,7768,1843,51077
56570,97792,66611,24299,17038,44810,50189,30566,55783,74914
95099,78467,66680,31776,53208,66745,2288,49990,64296,89025
31339,84051,47718,87273,73301,20168,26129,83594,48476,13961
54378,23474,62634,31677,62188,13748,87320,62573,42954,29666
76744,57547,81497,47281,81053,36577,85250,90411,63141,33809
66945,35371,70789,79583,54691,99864,93769,70609,69190,73686
57313,33804,62217,37053,58259,9336,89086,79507,27029,42755
84639,80425,39587,71427,74703,34560,40241,28064,29732,66301
34612,81015,15030,31034,25846,79421,69611,71117,61684,86978
95051,73024,54517,52282,39653,86719,34439,49339,92609,82545
36795,31328,55763,36698,7621,17778,1866,28579,40491,49211
24205,30900,31462,25400,59422,47346,61099,21790,46994,64561
85451,47592,65940,41920,66923,26141,39006,25900,57956,78039
88446,63393,57971,74062,51863,76558,83139,87721,90656,92502
43017,39184,23945,61893,86981,65720,2722,21515,67881,47707
84340,85152,276,28895,16053,46699,69141,88832,47559,91557
93433,25569,54747,90085,68060,19765,91743,82739,62754,79091
51984,46454,31445,72828,10061,94333,57662,53486,36780,81430
66232,51747,80687,42707,72061,38665,69699,86405,95447,65158
90427,56174,41196,35638,44732,59307,30684,71355,49231,23169
34038,4716,35895,46703,85973,45849,44511,58277,58946,88321
90933,69152,51651,24338,85488,78913,99174,81734,70291,74886
94672,66490,48578,19311,67640,18148,46824,61491,12612,70008
48036,98140,63670,40684,73794,10780,13784,27059,32486,28596
48247,39943,88782,62907,26828,55202,44817,95804,48379,16454
32746,74483,73038,88707,70747,12251,25762,18997,57883,19662
41611,81093,92029,48787,55757,46813,59399,94152,9444,37390
14577,2718,45327,44437,75229,80368,55373,79257,90288,27713
51220,55419,9054,47803,21499,33770,33006,94307,78578,45359
84029,87856,67577,22660,80715,65408,35611,88332,58690,47996
55843,79368,87899,94754,65993,85808,25915,92119,99272,75636
45322,26474,4571,68498,50107,37207,71577,22694,89699,11890
30669,72765,61889,31329,22397,61395,13980,23586,55124,431
72209,36019,16383,81159,56906,98269,83320,20913,50464,51364
56276,33240,13213,69483,77251,59034,19937,48354,52454,98609
43547,61475,17784,44443,28122,59966,77729,49867,48907,95966
166,27305,25027,50801,3061,29925,52050,73352,90877,36363
37166,28834,39192,79531,32353,47605,99273,87501,14788,77233
59481,7460,45558,95788,67747,54475,15756,959,36691,36525
95096,86402,67596,27413,82264,1545,50363,14436,29511,92201
68702,8433,6844,88228,4561,37265,58681,58032,33419,95000
29424,90965,84150,37476,59222,80482,7614,72790,47104,1396
92586,99551,92487,34681,59414,73753,84299,25834,48062,62103
5621,42411,47575,21191,39179,73444,65090,1072,90522,85507
13423,8638,97860,8352,39079,94981,70178,34178,54410,94509
25344,18298,73263,60374,95153,73228,7491,15742,64787,73100
74525,84388,74727,13215,18031,52814,50576,91241,65472,10909
71081,28492,52964,47084,77638,91386,70581,17094,35411,57255
7043,72364,37870,68912,48624,55864,18321,98048,30541,98887
83045,61379,79865,5665,10277,91277,63127,17822,17992,42925
52526,4997,58559,75527,29543,54368,66808,72181,19899,77140
95469,45030,81884,37960,11497,85418,87931,73665,17697,64912
95723,41487,88899,78801,40146,23182,11626,46220,46744,16273
84513,74332,17153,61064,99852,82549,75002,73658,39476,64951
86409,18887,18703,19404,12105,8658,51869,85902,12748,3011
2390,47364,52820,54196,25291,56066,34188,18776,12657,95646
3256,85467,13318,11533,13956,98455,95607,95328,78566,70769
43942,30123,14416,973,43795,47334,38587,75762,28513,20736
86042,17260,33262,52781,3817,5387,97528,35200,23927,35895
8255,37088,53988,78114,33634,95965,86040,22252,61625,73360
69835,14897,88137,87175,26222,9154,2482,7370,82940,11654
77924,95507,81276,17251,80861,44823,12745,70794,38066,97947
32415,98779,61983,46494,33382,7046,73799,38583,90052,22408
2554,8519,48497,45301,49816,36252,77531,83209,5876,52386
60352,21534,33835,96271,1556,9269,38532,45009,4367,65106
78895,38934,69513,58495,72146,10225,11429,82067,38345,28736
3125,12635,38555,68462,80839,38135,32882,52377,80402,44892
3092,46726,48349,39821,39705,73591,92336,40448,50766,85045
23396,25744,95556,63187,9576,60029,3689,10088,31943,11082
64894,6683,14921,73122,72262,21727,9501,45196,17989,3684
41007,80190,25295,82131,61211,87795,93264,70771,95990,66245
21865,40043,7116,46032,52132,35954,98505,95625,81152,28836
87673,26274,55407,65750,42325,11713,60145,7141,88929,25848
74756,63090,36396,30256,6295,90244,71571,39395,86246,74516
97925,78268,52796,77037,414,57552,43843,91780,61977,99684
51990,923,59410,64075,29909,61411,79451,83914,69122,79827
66800,75413,17466,71678,16156,88561,15106,73540,72444,81176
44518,57055,83346,96868,61643,42579,31130,94112,35941,52935
49033,50147,36735,76223,76329,56659,23817,49835,31927,47781
27821,38070,57039,13610,50495,12226,77857,59934,70591,9511
2,87222,84088,56603,42999,78450,10945,43790,81405,81080
50408,5253,32478,31726,81345,70494,16695,36568,91238,98836
4777,16113,68656,36423,88085,11465,2587,223,70769,14950
82083,39200,99623,90681,18562,82594,45691,82456,10718,13758
11137,97433,93425,28655,22086,1803,89726,45918,63940,46692
62287,41622,33,96455,18879,57018,10014,46890,44247,47037
51610,2370,31491,22429,64909,8437,26686,51041,70654,51217
47711,1016,1959,82840,12260,37284,75878,36955,91891,63125
22363,25734,21682,6658,2522,1838,629,95551,76210,84729
44886,1402,96746,33239,80377,78405,10577,97427,29460,58405
98410,32496,83632,49169,81948,1866,78028,83195,34479,6701
26862,36535,2140,13139,95390,93188,82997,41524,50737,44800
67587,56959,51800,94666,54320,53672,77201,47655,55014,97884
76743,41415,85043,75361,10550,70886,62864,1518,25025,2156
92583,52400,44564,22828,64789,6047,8202,51877,59417,1173
29774,99294,46291,57102,69722,47811,81062,60868,862,14587
24222,46382,10952,36640,6295,64198,50722,38633,97691,41850
71334,8951,16686,93645,21107,81858,8774,69767,87617,97469
6556,93344,30399,68550,46135,52230,32407,21594,49313,49156
20003,83082,74670,58338,81893,77458,52162,99272,6431,28292
26569,46250,65195,63558,14470,5257,35372,11574,23404,78598
85128,79119,31177,64111,31887,45645,26625,61884,57612,4153
77509,75895,67178,44829,71152,32191,6543,25862,18266,40111
24188,90258,17218,64048,82049,96933,25854,97855,34118,45747
10714,86533,45480,50687,33073,17034,49720,45024,45882,20392
11962,38184,66544,23050,40731,99535,82290,26283,56261,82033
31169,48358,59532,15298,5632,62732,81072,41054,95260,89440
23972,26295,83244,97011,39348,27074,27163,83622,50368,68628
33362,57365,74530,68502,91281,57493,80829,90774,11471,96141
49284,64582,85358,78502,12966,63316,85135,56493,59598,97849
14218,65594,52654,4116,21931,81408,90717,69033,64796,58921
15810,27511,51326,71595,38308,90886,93069,27969,69975,43346
74794,37214,68548,8244,30063,59456,19844,30476,6377,82012
55817,13523,20429,93760,9354,52350,15357,83491,85170,74821
1962,95842,32192,48535,13778,48729,52753,98173,50643,49347
30176,91978,89207,5187,14318,70019,3645,59621,77083,47046
15349,60454,61156,31830,47130,27903,34869,16319,7536,74043
17463,75256,20081,8509,78088,94211,89875,2292,58755,36520
99113,1966,86880,40444,76537,63549,72452,54843,77204,64325
77151,32281,34576,14865,80150,67240,61991,78907,44756,24446
90086,6173,51148,61944,80925,57214,64469,94720,82405,96552
99172,39785,46405,31874,17784,91601,9833,10201,46430,1515
98309,36867,28621,53273,17745,77023,53756,70285,35824,4601
99601,65825,71903,4165,55178,86850,84321,11861,42250,91792
76346,51629,94361,33688,2403,54902,29751,79064,47038,8807
50215,19612,5557,33835,78073,15627,93372,92882,85662,37162
75342,7865,38199,84414,11018,50723,20068,25266,84406,17153
1299,9390,94369,24813,95571,30330,74913,72707,53485,79844
97917,70524,77256,51392,17343,1784,43746,12403,55882,44952
10492,43854,22609,6847,96944,69829,43547,39734,8596,70534
66151,35176,15531,38300,36938,97471,45213,76252,50140,30252
51177,92417,36148,53181,55649,92875,43178,75775,39200,48175
46361,39302,3079,20176,55702,44121,59650,61230,3837,56109
17546,61994,62998,49238,48093,16999,62544,35715,75660,62631
36178,32852,59861,7228,64412,40742,15868,92344,44097,74265
6332,20658,93130,67455,24784,19416,29507,19225,38865,14413
7539,66617,44394,53463,48675,10711,65685,19711,51459,534
84656,68141,71438,10135,55510,2735,88699,40611,91713,51453
35328,54118,58020,22506,40803,1430,33764,25772,93241,62042
67518,82216,82005,36186,39908,71426,85193,59757,29970,80361
80023,66864,53950,3776,28691,59960,57260,41672,48793,58357
49087,64333,96671,71990,88572,45484,69383,32396,30226,92155
72420,26738,52721,84999,4827,22447,8503,40698,71116,10233
72524,23243,58485,74177,245,64986,71433,84540,9918,48394
40755,98860,43421,71170,59386,63183,77677,451,23445,57800
4226,1957,64040,3179,96476,53178,48626,93697,44137,62143
39482,46910,90750,41337,10908,41345,6025,52717,83171,502
65835,74892,49749,23285,14535,45576,59894,2467,15403,94327
87714,39903,22806,76424,44248,11157,88491,75273,37086,15513
8915,59741,72945,44848,33920,64463,38492,42639,40261,41376
12715,10080,22585,18518,63599,61267,26463,88365,86831,79576
21693,43065,12009,97442,3306,10023,50240,69415,34544,30688
38827,3653,29773,82959,81420,78324,7820,37643,39050,13127
73537,41685,49700,60107,55140,3469,8936,99502,4983,14020
28131,77286,38723,93211,28364,77054,37240,84262,75160,49411
51780,68972,13857,11070,74886,81851,11270,97238,94283,77563
56348,76613,20211,51721,93607,18380,27550,81367,88104,59292
26084,48496,947,7829,70547,25422,80893,63558,92280,70246
46988,64930,99127,6582,43654,63835,47228,5285,82016,11807
46547,25244,82386,74465,30546,90031,4601,78417,40306,7682
350,30189,45379,37510,2976,62144,65352,55803,56011,82516
10806,49554,33939,59727,63082,14415,57963,49166,63119,55481
51599,56717,80658,86000,81749,55259,41727,31777,52343,83779
24042,70980,5325,66219,19647,55748,47844,11313,12838,3748
33205,51327,78312,34856,25215,37052,86957,29856,56249,72676
16062,23465,85037,84652,25907,61253,73949,60654,35319,73183
67701,56632,61870,81693,89912,10600,3054,87449,14538,87702
2696,38722,68923,47058,45890,80375,30744,83505,53170,60488
97274,69674,22227,46303,54294,50163,33130,63552,49455,219
71370,14994,87703,88810,89837,78062,7350,32116,32659,69502
68823,89583,99716,33067,94044,54785,23983,10076,21301,5819
85433,31506,56443,58714,29753,93044,3835,26178,62175,97017
14148,85790,3808,38008,63920,47157,26826,8368,55858,20917
69263,35703,93145,29826,18030,94074,15379,63073,93132,92525
10365,15528,82583,36919,45587,30175,62542,81548,63355,27568
39378,73046,65321,69368,87565,99542,36745,91167,39923,54734
97008,31130,78326,84800,94706,11899,36759,48252,26854,10431
32135,3106,69836,57146,83575,69403,81650,87036,32768,50003
49424,26598,74386,72173,13891,47728,82189,7133,24465,81156
52827,63857,25077,94247,55284,59567,5221,35478,31932,69423
82938,17880,23964,18183,55924,26419,89243,10890,6076,29902
88987,42782,82075,67136,35557,25019,21856,18144,67217,87650
11371,19218,68498,60755,99959,18349,53625,71301,90782,31312
21672,40021,99691,62532,59945,80203,98330,6141,98743,5380
85973,96040,96040,35972,24916,67565,24285,39994,33025,32720
36758,85209,40506,79703,40305,92768,80303,23625,4764,23325
76889,52431,30549,52063,9131,16366,52570,27403,3767,36791
28983,77656,19448,32521,84827,78996,61801,53750,8671,95598
91470,61375,65685,53724,93449,29339,96054,90156,7037,83799
60754,35282,89465,53581,29036,13340,12246,46262,1010,17143
78181,21234,31536,73340,72181,25371,28611,99808,56079,20952
55940,33251,71194,80775,21745,21442,80593,98178,47056,65457
8757,54605,82769,54872,26891,41325,93854,75916,79937,58512
96558,54931,9600,45295,15583,89982,50195,62113,14641,81228
21732,11228,52477,59890,15830,80866,7710,12083,76860,7234
56931,15379,78200,44538,78834,26373,54577,73562,82825,27094
44172,46030,57138,13719,72589,63012,59669,60998,34565,13735
14736,96150,29518,49996,22305,82164,95523,39,64107,5516
88867,20909,44191,38873,85668,88291,78394,44379,79359,55104
20985,89022,47196,59964,86227,19445,4401,6486,12633,34326
87175,55017,71672,61519,83443,82828,93125,37444,29354,96373
53603,22357,66245,53290,6478,64452,81292,52932,7056,49175
88336,60538,98828,3243,86362,76651,85235,3646,54794,57503
99425,15170,31632,2366,40992,47575,44526,13950,578,71001
98277,5601,91693,89036,19532,42609,24128,57143,2678,41211
28296,96156,19176,57612,38696,61527,46520,27111,38842,91111
92909,78480,41079,6932,2312,5273,18976,79115,3031,68717
32563,37703,89788,22728,94270,72946,82423,17871,12105,37733
78347,61837,67504,11554,10756,92673,82606,14253,27154,63601
44052,43047,17885,87088,702,76036,25227,87827,30482,26462
26117,99982,90145,63521,66801,2005,11741,78603,13434,93360
92673,34450,60233,16513,29709,67962,62231,3941,81725,36249
9661,25101,1009,88501,84687,98901,95593,90854,65907,72149
12286,66338,2615,86622,59745,84314,28466,29622,75420,59213
56419,50820,50943,33995,3915,79477,52015,9694,82213,81889
25446,49411,42862,46569,13650,84646,63334,70330,19860,69314
84799,7835,25028,388,25615,83074,30045,66672,39209,29287
30694,32133,67271,92882,59014,30142,20377,56924,64869,14808
31732,46929,57660,405,60752,86789,11860,17326,19763,82918
57607,46956,20106,71312,27495,92522,2370,99971,94862,52332
65085,84614,38278,50346,4802,3949,35476,80067,84342,25454
87255,31718,21034,18181,57441,40839,13965,20518,10213,24599
12033,25970,89854,94416,50932,49592,40815,44351,3020,56855
68450,35764,29967,30603,29203,98233,70211,58541,98017,74985
69067,5323,24882,2254,19839,99948,19764,90052,67017,71870
61834,24974,33483,39161,11737,77882,2385,49456,99419,49172
9613,77538,36595,88687,69385,82358,21121,82545,99143,87195
34931,7201,62547,30241,51525,52979,7033,45482,57458,92681
41758,66633,20434,30108,67215,14135,30675,64985,23845,84997
40767,12414,69916,64681,34920,96274,92544,11180,27661,82679
45877,91128,3828,58643,81331,80877,82763,22185,56759,6962
82632,12369,28265,4022,32738,39371,17171,9413,63773,26801
42931,96743,20893,77820,56782,50931,47768,37535,61161,73180
60219,4038,31266,31385,44342,25379,77545,93938,86552,73607
27612,82822,29544,29676,47656,39035,68380,74223,95376,28229
45566,92062,70519,29678,7351,23052,91808,598,90978,47061
57075,28282,96954,20044,71366,36297,41478,3526,43731,74473
46658,20430,91711,98033,18584,80929,8051,29737,39839,23771
15615,25770,41472,89971,65214,97134,53025,67706,1880,44646
39183,31295,14381,71875,39904,18395,64388,83677,98585,60824
88872,8370,61628,42841,64904,71118,44398,28793,63627,18944
14189,46342,4403,37720,40530,26879,44735,10704,14283,92757
21604,55251,7839,62059,68675,61175,3501,11802,83738,73625
10260,80006,40033,52134,54017,38557,28840,81948,26716,9076
48450,14596,58400,54409,66852,91181,44814,23640,71825,58532
17443,90705,38453,67132,25078,69865,75564,31207,96225,78724
88817,32757,36301,13203,44647,43573,54218,12987,49363,77542
57230,10457,85696,60698,84461,54419,75459,69201,71760,46088
66270,79988,32170,17165,7909,11047,80600,94378,58673,82476
49912,51363,96888,18745,87955,89430,37909,84357,12682,66200
50159,82163,99977,43808,48606,35990,40880,84269,47625,61033
92515,96840,88969,87803,38944,5406,88416,89830,28626,69502
81318,77592,37846,57520,59849,38388,81126,98745,94657,26794
44447,64088,90665,27154,56816,60437,55356,69247,46846,50708
25550,87767,7688,56123,85555,87837,67664,85763,2651,3973
20249,51228,49419,51993,39851,17005,46767,65391,53220,72224
96004,18716,40994,83836,45153,66803,82512,28255,24644,50981
83572,73275,49962,90681,37419,47211,67922,7701,94305,27327
88820,71700,86407,12301,63311,57641,11585,24582,11430,35961
49045,69904,94606,72222,89411,96955,92486,65030,18690,18625
54470,3770,64320,17268,84927,69530,27614,61138,73772,90939
98019,33176,78901,18411,47708,57007,15632,51394,48697,65909
2370,76954,35346,69120,24640,67544,73452,90059,99758,80408
69132,74686,28245,52438,45275,76581,25925,14870,24075,51290
67149,57865,25777,69451,53771,15771,15301,1439,47560,84985
69634,77606,1008,37058,55672,16119,96776,78454,74867,72218
54290,9550,41446,37699,51817,24342,74919,61927,51280,76440
87270,86454,26419,87409,55274,68963,62339,95867,42024,27237
32089,11233,3334,83974,7483,67400,14510,55439,50283,67935
32848,6503,41935,83316,67953,80053,65275,16672,76816,41687
59969,61819,29268,96824,71443,39728,72609,67994,5722,67486
4209,44729,26348,44384,71633,89963,98865,35413,91559,32309
8252,72409,88178,86014,73822,20828,1114,21126,99807,23943
7963,99671,78140,2764,57443,67564,7571,61567,22484,82705
57658,2127,45119,22044,81999,41281,10669,27933,5496,20110
93365,20857,54510,9100,18564,82079,79710,84409,30640,35872
20723,93470,55997,36919,24841,91923,67567,81389,24830,8368
131,42834,3962,15567,51676,9113,22811,12614,6934,15711
84424,7625,61078,20273,36070,37313,62328,76131,714,49844
48806,76941,55906,83866,29741,43846,67218,24030,29541,55770
14752,2660,80431,86353,3177,31368,50294,13511,53617,66318
67141,68545,58330,79080,23790,46849,37201,6778,38668,11134
14054,33794,61677,39431,38034,46707,20579,7885,35333,24918
10570,5135,82921,29475,21621,90343,51701,2226,47543,77917
90300,17494,78037,46481,35967,8048,73023,35071,56617,28682
42508,93375,38175,29837,5919,87495,79509,13148,73064,28366
28512,6434,68183,89650,64704,40734,40574,4795,69339,84225
79824,89372,72052,67982,13041,75789,75430,16075,81813,74089
76100,972,5107,53463,21624,44880,57596,49698,49656,4129
51261,62330,96857,35664,93277,65593,77488,25861,82370,86629
30590,50713,29108,1824,52012,38952,71249,43608,991,67653
14562,92092,43372,57711,49306,42031,17336,92805,58261,49119
79994,39247,31401,94209,49100,65053,57702,42472,20653,7180
5802,43405,12844,71688,53008,84482,82686,78189,3828,72946
23762,54589,12265,97405,88425,93729,6253,78097,97337,75379
293,53344,31254,11266,48430,83950,22393,46840,17002,21771
3245,64580,58108,36376,51088,15555,51324,20982,3895,57889
18967,5662,93331,25301,12276,67974,76003,37375,32362,65802
40651,60365,88734,32044,21832,44639,68708,91455,85886,40247
82043,50095,11956,82008,19330,47589,82001,31394,19781,1046
74493,16839,91053,75722,72020,67090,29921,44001,52209,22442
19127,57784,40251,28117,56711,11363,33698,68892,66635,24773
59009,59169,4752,55866,11104,38717,92725,78040,7048,46199
41379,65439,62559,88443,29237,5818,35174,90931,11573,59879
30693,14577,58142,29961,92541,68864,59820,81172,25606,1191
28668,46524,3529,50958,27072,59428,17090,25265,57935,89953
74824,72588,21986,84191,90661,72883,72765,42436,49709,90722
24592,50257,9946,22800,63317,35801,35169,46001,79369,8625
5470,4937,96582,12393,70071,78699,85680,6311,39376,54275
35013,63951,22044,60077,35024,21941,43895,15724,70423,3530
81978,65074,45171,74817,25685,73970,58919,10140,33349,15430
76716,5042,65028,87926,96056,13674,47301,72117,66911,28767
52917,89316,39670,65915,56382,69054,78623,30931,93903,38925
9310,55531,63820,14683,72920,39299,13682,72491,27715,93059
59515,90149,76350,86604,29711,91611,16974,20147,83898,93236
47498,96662,48262,37285,70040,56300,72014,4458,64496,57715
37773,64436,52098,20324,56934,73023,59233,18626,97708,99541
74475,69533,27148,87712,73919,26383,55551,88658,47560,71786
90540,10569,45176,93470,58654,61042,86156,31766,42261,58479
42274,76321,22423,98020,20035,68612,95885,89182,19027,45346
65381,30770,4743,86236,23593,90630,78151,14734,47128,68993
53499,36025,13416,97564,53361,77971,90003,52156,40425,57779
28004,90466,63521,51987,52300,59492,48984,32315,17633,31131
61671,22457,78357,46436,70598,48778,11685,26052,80796,81081
73969,15754,82703,50777,63050,5732,41074,9355,77130,39383
52521,66053,85865,33287,80450,31304,66723,88401,50191,12841
96618,33442,77076,49976,37439,33164,66384,63013,40466,94193
92452,66640,8162,22083,17221,689,37891,22533,26355,72113
93765,56249,41461,68661,7315,2380,66281,24683,78261,66156
73520,84724,82539,70341,24563,64512,89084,7454,40895,64905
19568,21807,28095,38955,13851,46291,57034,29720,32114,41588
94224,73582,2380,37926,97681,37846,47189,29693,79227,2848
54681,79911,30242,69196,59208,28043,90547,45459,558,29453
69590,16721,28890,77178,40011,80872,86221,12585,6237,2019
57811,29246,61716,8195,83537,48611,46166,73574,68761,83094
18366,74912,2196,4375,34316,36804,65124,89829,23139,42443
12335,19296,53663,99521,77358,78085,79913,84683,56955,79632
69784,99268,53572,19769,65625,22285,4129,95119,22332,52954
29545,49723,37699,48175,11598,84116,87537,76372,60130,82715
4130,14696,63784,37530,34550,14737,18729,95818,22989,20001
22793,90835,15755,54273,96829,13316,58573,88535,95953,13443
51420,79543,73117,99391,58302,44820,18915,55072,54660,80981
31879,47878,6955,45889,77937,99789,92234,16852,60704,95694
95517,50885,54352,4145,63496,53786,20377,30543,10085,39597
51436,99742,64574,9019,89974,77820,73577,4669,89428,18474
55803,80625,23015,15960,85507,98710,9102,86821,68946,32884
21538,88890,62087,86373,35065,65653,45929,58529,37642,79190
9417,90795,70739,35580,44940,25001,30562,26065,46039,74324
16591,11665,50808,77264,99743,12057,44543,68122,17219,48492
44417,17027,82257,89971,19264,64067,9389,1294,75809,65266
7391,54379,35296,2045,81175,90068,73413,27325,34184,505
32810,96459,1929,75996,12806,67803,73883,75463,92792,35830
56351,6716,36401,27797,52659,61439,56559,63672,23384,79242
68314,49475,77823,7049,91514,50105,94813,70601,2764,58886
